author,author_fullname,created_utc,domain,full_link,id,num_comments,permalink,score,selftext,subreddit,subreddit_id,title,url
mrs-superman,t2_16l4fbdy,1570810257,self.AskReddit,https://www.reddit.com/r/AskReddit/comments/dghcy7/your_username_is_now_what_you_do_for_a_living_how/,dghcy7,51871,/r/AskReddit/comments/dghcy7/your_username_is_now_what_you_do_for_a_living_how/,35502,[removed],AskReddit,t5_2qh1i,Your username is now what you do for a living. How has your life changed?,https://www.reddit.com/r/AskReddit/comments/dghcy7/your_username_is_now_what_you_do_for_a_living_how/
TheRanger13,t2_1zy92yog,1570815573,self.AskReddit,https://www.reddit.com/r/AskReddit/comments/dgijeu/your_username_is_now_what_you_are_how_has_your/,dgijeu,533,/r/AskReddit/comments/dgijeu/your_username_is_now_what_you_are_how_has_your/,76,[removed],AskReddit,t5_2qh1i,Your username is now what you are. How has your life changed?,https://www.reddit.com/r/AskReddit/comments/dgijeu/your_username_is_now_what_you_are_how_has_your/
GlassCoyote,t2_xsw7g,1570721534,self.AskReddit,https://www.reddit.com/r/AskReddit/comments/dfzpks/which_website_needs_to_make_a_comeback/,dfzpks,349,/r/AskReddit/comments/dfzpks/which_website_needs_to_make_a_comeback/,199,,AskReddit,t5_2qh1i,Which website needs to make a comeback?,https://www.reddit.com/r/AskReddit/comments/dfzpks/which_website_needs_to_make_a_comeback/
JustARayOfPitchBlack,t2_26b9467x,1570721671,self.AskReddit,https://www.reddit.com/r/AskReddit/comments/dfzqvd/employers_of_reddit_what_is_the_most/,dfzqvd,3867,/r/AskReddit/comments/dfzqvd/employers_of_reddit_what_is_the_most/,11634,,AskReddit,t5_2qh1i,"Employers of reddit, what is the most Inappropriate piece of clothing someone has worn to an job interview?",https://www.reddit.com/r/AskReddit/comments/dfzqvd/employers_of_reddit_what_is_the_most/
notdoreen,t2_3n6y969g,1570722366,self.AskReddit,https://www.reddit.com/r/AskReddit/comments/dfzwmr/why_is_rhongkong_no_longer_trending_on_reddit_it/,dfzwmr,1327,/r/AskReddit/comments/dfzwmr/why_is_rhongkong_no_longer_trending_on_reddit_it/,14152,,AskReddit,t5_2qh1i,Why is r/Hongkong no longer trending on Reddit? It literally went from #1 to not showing up in one day. How is that possible?,https://www.reddit.com/r/AskReddit/comments/dfzwmr/why_is_rhongkong_no_longer_trending_on_reddit_it/
neiiif36d,t2_4d26ebrq,1570722502,self.AskReddit,https://www.reddit.com/r/AskReddit/comments/dfzxqz/how_have_your_sexual_tastes_evolved_over_time/,dfzxqz,108,/r/AskReddit/comments/dfzxqz/how_have_your_sexual_tastes_evolved_over_time/,34,,AskReddit,t5_2qh1i,How have your sexual tastes evolved over time?,https://www.reddit.com/r/AskReddit/comments/dfzxqz/how_have_your_sexual_tastes_evolved_over_time/
throwaway-085346,t2_2jm68uiy,1570722542,self.AskReddit,https://www.reddit.com/r/AskReddit/comments/dfzy41/over_40_year_olds_of_reddit_what_do_us_young/,dfzy41,42,/r/AskReddit/comments/dfzy41/over_40_year_olds_of_reddit_what_do_us_young/,23,,AskReddit,t5_2qh1i,"Over 40 year olds of reddit, what do us young people need to know for when we’re older?",https://www.reddit.com/r/AskReddit/comments/dfzy41/over_40_year_olds_of_reddit_what_do_us_young/
LuckyOwlll,t2_29zo4p9w,1570722569,self.AskReddit,https://www.reddit.com/r/AskReddit/comments/dfzybo/people_who_have_worked_in_retail_what_is_the/,dfzybo,64,/r/AskReddit/comments/dfzybo/people_who_have_worked_in_retail_what_is_the/,22,,AskReddit,t5_2qh1i,"People who have worked in retail, what is the dumbest customer interaction you’ve had?",https://www.reddit.com/r/AskReddit/comments/dfzybo/people_who_have_worked_in_retail_what_is_the/
actual_snark,t2_4kol2nkw,1570722630,self.AskReddit,https://www.reddit.com/r/AskReddit/comments/dfzysg/how_would_you_feel_about_not_making_abortion_laws/,dfzysg,90,/r/AskReddit/comments/dfzysg/how_would_you_feel_about_not_making_abortion_laws/,22,,AskReddit,t5_2qh1i,"How would you feel about NOT making abortion laws, but instead taking away any reason why women might have an abortion, such as funding free contraception for everyone, funding child care for working/single moms, funding foster homes/adoption agencies, and funding better education for kids?",https://www.reddit.com/r/AskReddit/comments/dfzysg/how_would_you_feel_about_not_making_abortion_laws/
Hugh_Wildigh,t2_2lr828ca,1570723523,self.AskReddit,https://www.reddit.com/r/AskReddit/comments/dg06jk/what_are_some_of_the_best_films_youve_seen_that/,dg06jk,89,/r/AskReddit/comments/dg06jk/what_are_some_of_the_best_films_youve_seen_that/,24,,AskReddit,t5_2qh1i,What are some of the best films you've seen that no one seems to talk about or remember?,https://www.reddit.com/r/AskReddit/comments/dg06jk/what_are_some_of_the_best_films_youve_seen_that/
tragicworldrecord,t2_jnrqc1a,1570723661,self.AskReddit,https://www.reddit.com/r/AskReddit/comments/dg07pq/whats_the_stupidest_way_youve_hurt_yourself/,dg07pq,88,/r/AskReddit/comments/dg07pq/whats_the_stupidest_way_youve_hurt_yourself/,29,,AskReddit,t5_2qh1i,What's the stupidest way you've hurt yourself?,https://www.reddit.com/r/AskReddit/comments/dg07pq/whats_the_stupidest_way_youve_hurt_yourself/
Rafflarn,t2_al331,1570724173,self.AskReddit,https://www.reddit.com/r/AskReddit/comments/dg0c8e/what_is_one_peanut_peanuts_consists_of_2_other/,dg0c8e,37,/r/AskReddit/comments/dg0c8e/what_is_one_peanut_peanuts_consists_of_2_other/,88,,AskReddit,t5_2qh1i,What is one peanut? Peanuts consists of 2 other peanuts inside the peanut. So what is it? Is 2 peanuts one peanut? Is one peanut 2 peanuts?,https://www.reddit.com/r/AskReddit/comments/dg0c8e/what_is_one_peanut_peanuts_consists_of_2_other/
Memorable_Moniker,t2_lzl7e,1570725286,self.AskReddit,https://www.reddit.com/r/AskReddit/comments/dg0lea/what_are_brands_that_have_earned_your_loyalty/,dg0lea,587,/r/AskReddit/comments/dg0lea/what_are_brands_that_have_earned_your_loyalty/,155,,AskReddit,t5_2qh1i,What are brands that have earned your loyalty?,https://www.reddit.com/r/AskReddit/comments/dg0lea/what_are_brands_that_have_earned_your_loyalty/
Zemeckis47,t2_4ghc0s4x,1570725340,self.AskReddit,https://www.reddit.com/r/AskReddit/comments/dg0lvd/what_part_of_a_childs_movie_completely_scarred_you/,dg0lvd,74,/r/AskReddit/comments/dg0lvd/what_part_of_a_childs_movie_completely_scarred_you/,19,,AskReddit,t5_2qh1i,What part of a childs movie completely scarred you?,https://www.reddit.com/r/AskReddit/comments/dg0lvd/what_part_of_a_childs_movie_completely_scarred_you/
heyineedsomebooks,t2_4l52gq3s,1570726907,self.AskReddit,https://www.reddit.com/r/AskReddit/comments/dg0zbe/you_could_be_fingerpainting_right_now_dipping/,dg0zbe,60,/r/AskReddit/comments/dg0zbe/you_could_be_fingerpainting_right_now_dipping/,16,,AskReddit,t5_2qh1i,"You could be fingerpainting right now. Dipping your whole fingers into jars of warm, squishy paint, slinging it all across the paper like a wild man. Why aren't you?",https://www.reddit.com/r/AskReddit/comments/dg0zbe/you_could_be_fingerpainting_right_now_dipping/
wouldyoulikesomemilk,t2_jx343h,1570726954,self.AskReddit,https://www.reddit.com/r/AskReddit/comments/dg0zqt/what_is_the_most_wrong_thing_a_teacher_ever/,dg0zqt,138,/r/AskReddit/comments/dg0zqt/what_is_the_most_wrong_thing_a_teacher_ever/,28,,AskReddit,t5_2qh1i,What is the most wrong thing a teacher ever taught you?,https://www.reddit.com/r/AskReddit/comments/dg0zqt/what_is_the_most_wrong_thing_a_teacher_ever/
samtothebam,t2_4d3p1uhp,1570727278,self.AskReddit,https://www.reddit.com/r/AskReddit/comments/dg12v4/whats_the_worst_pain_youve_ever_experienced/,dg12v4,295,/r/AskReddit/comments/dg12v4/whats_the_worst_pain_youve_ever_experienced/,45,,AskReddit,t5_2qh1i,Whats the worst pain you’ve ever experienced?,https://www.reddit.com/r/AskReddit/comments/dg12v4/whats_the_worst_pain_youve_ever_experienced/
Vliegende_Melk,t2_2tr0e4uy,1570727614,self.AskReddit,https://www.reddit.com/r/AskReddit/comments/dg15qz/squirters_of_reddit_howwhen_did_you_find_out_you/,dg15qz,26,/r/AskReddit/comments/dg15qz/squirters_of_reddit_howwhen_did_you_find_out_you/,20,,AskReddit,t5_2qh1i,"Squirters of Reddit, how/when did you find out you are a squirter?",https://www.reddit.com/r/AskReddit/comments/dg15qz/squirters_of_reddit_howwhen_did_you_find_out_you/
YourHoorMother,t2_33xapqtw,1570729338,self.AskReddit,https://www.reddit.com/r/AskReddit/comments/dg1khd/japanese_people_of_reddit_how_do_you_know_what/,dg1khd,170,/r/AskReddit/comments/dg1khd/japanese_people_of_reddit_how_do_you_know_what/,1065,,AskReddit,t5_2qh1i,"Japanese people of reddit, how do you know what your genitalia looks like if it’s always blurred?",https://www.reddit.com/r/AskReddit/comments/dg1khd/japanese_people_of_reddit_how_do_you_know_what/
Daniel_cej,t2_4cl4sagk,1570729394,self.AskReddit,https://www.reddit.com/r/AskReddit/comments/dg1kzf/girls_what_is_something_guys_shouldnt_feel/,dg1kzf,1677,/r/AskReddit/comments/dg1kzf/girls_what_is_something_guys_shouldnt_feel/,1142,,AskReddit,t5_2qh1i,"Girls, what is something guys shouldn't feel insecure about?",https://www.reddit.com/r/AskReddit/comments/dg1kzf/girls_what_is_something_guys_shouldnt_feel/
Kmerro,t2_2otycuvl,1570729506,self.AskReddit,https://www.reddit.com/r/AskReddit/comments/dg1lxk/whats_the_worst_punishment_youve_seen_a_teacher/,dg1lxk,105,/r/AskReddit/comments/dg1lxk/whats_the_worst_punishment_youve_seen_a_teacher/,43,,AskReddit,t5_2qh1i,What's the worst punishment you've seen a teacher ever give to a student?,https://www.reddit.com/r/AskReddit/comments/dg1lxk/whats_the_worst_punishment_youve_seen_a_teacher/
ZacW0909,t2_2zalnv2u,1570729562,self.AskReddit,https://www.reddit.com/r/AskReddit/comments/dg1mcb/what_are_1010_games_in_your_opinion/,dg1mcb,162,/r/AskReddit/comments/dg1mcb/what_are_1010_games_in_your_opinion/,21,,AskReddit,t5_2qh1i,What are 10/10 games in your opinion?,https://www.reddit.com/r/AskReddit/comments/dg1mcb/what_are_1010_games_in_your_opinion/
0101_0_0101,t2_1s4gfa48,1570729915,self.AskReddit,https://www.reddit.com/r/AskReddit/comments/dg1phs/at_which_age_do_you_think_youll_die/,dg1phs,68,/r/AskReddit/comments/dg1phs/at_which_age_do_you_think_youll_die/,17,,AskReddit,t5_2qh1i,At which age do you think you'll die?,https://www.reddit.com/r/AskReddit/comments/dg1phs/at_which_age_do_you_think_youll_die/
bobveluwenkamp,t2_4gyaokb3,1570729939,self.AskReddit,https://www.reddit.com/r/AskReddit/comments/dg1poo/what_made_you_decide_between_an_iphone_and_an/,dg1poo,109,/r/AskReddit/comments/dg1poo/what_made_you_decide_between_an_iphone_and_an/,21,,AskReddit,t5_2qh1i,What made you decide between an Iphone and an Android?,https://www.reddit.com/r/AskReddit/comments/dg1poo/what_made_you_decide_between_an_iphone_and_an/
Daniel_cej,t2_4cl4sagk,1570729971,self.AskReddit,https://www.reddit.com/r/AskReddit/comments/dg1pyw/calm_people_what_makes_you_lose_your_shit/,dg1pyw,597,/r/AskReddit/comments/dg1pyw/calm_people_what_makes_you_lose_your_shit/,330,,AskReddit,t5_2qh1i,"Calm people, what makes you lose your shit?",https://www.reddit.com/r/AskReddit/comments/dg1pyw/calm_people_what_makes_you_lose_your_shit/
Terrible_Ex-Joviot,t2_2bcg5m75,1570730428,self.AskReddit,https://www.reddit.com/r/AskReddit/comments/dg1trf/what_is_a_good_name_for_a_female_greywhite_cat/,dg1trf,88,/r/AskReddit/comments/dg1trf/what_is_a_good_name_for_a_female_greywhite_cat/,29,,AskReddit,t5_2qh1i,What is a good name for a female grey/white cat?,https://www.reddit.com/r/AskReddit/comments/dg1trf/what_is_a_good_name_for_a_female_greywhite_cat/
how2timetravel,t2_3xprr3tu,1570730470,self.AskReddit,https://www.reddit.com/r/AskReddit/comments/dg1u3h/teachers_out_of_all_the_students_youve_had_during/,dg1u3h,5,/r/AskReddit/comments/dg1u3h/teachers_out_of_all_the_students_youve_had_during/,28,,AskReddit,t5_2qh1i,"Teachers, out of all the students you’ve had during your career, which one(s) do you think about often even years after they left your classroom?",https://www.reddit.com/r/AskReddit/comments/dg1u3h/teachers_out_of_all_the_students_youve_had_during/
MutantPanda0,t2_r8ptx,1570730607,self.AskReddit,https://www.reddit.com/r/AskReddit/comments/dg1vd4/whats_the_best_kind_of_person_to_be_around/,dg1vd4,41,/r/AskReddit/comments/dg1vd4/whats_the_best_kind_of_person_to_be_around/,22,,AskReddit,t5_2qh1i,What’s the best kind of person to be around?,https://www.reddit.com/r/AskReddit/comments/dg1vd4/whats_the_best_kind_of_person_to_be_around/
Menu23ChickenPesto,t2_1vydao57,1570730733,self.AskReddit,https://www.reddit.com/r/AskReddit/comments/dg1wga/what_video_game_had_the_best_soundtrack/,dg1wga,106,/r/AskReddit/comments/dg1wga/what_video_game_had_the_best_soundtrack/,19,,AskReddit,t5_2qh1i,What video game had the best soundtrack?,https://www.reddit.com/r/AskReddit/comments/dg1wga/what_video_game_had_the_best_soundtrack/
gd2bpaid,t2_6ajnh,1570731165,self.AskReddit,https://www.reddit.com/r/AskReddit/comments/dg209d/what_is_the_weirdest_named_town_city_village_or/,dg209d,619,/r/AskReddit/comments/dg209d/what_is_the_weirdest_named_town_city_village_or/,163,,AskReddit,t5_2qh1i,"What is the weirdest named town, city, village or community in your area?",https://www.reddit.com/r/AskReddit/comments/dg209d/what_is_the_weirdest_named_town_city_village_or/
bobveluwenkamp,t2_4gyaokb3,1570731188,self.AskReddit,https://www.reddit.com/r/AskReddit/comments/dg20g3/single_people_of_reddit_what_do_you_think_is_the/,dg20g3,71,/r/AskReddit/comments/dg20g3/single_people_of_reddit_what_do_you_think_is_the/,18,,AskReddit,t5_2qh1i,"Single people of Reddit, what do you think is the reason you are single?",https://www.reddit.com/r/AskReddit/comments/dg20g3/single_people_of_reddit_what_do_you_think_is_the/
rekarp,t2_zk6umva,1570731239,self.AskReddit,https://www.reddit.com/r/AskReddit/comments/dg20uc/if_you_were_president_what_would_you_be_impeached/,dg20uc,70,/r/AskReddit/comments/dg20uc/if_you_were_president_what_would_you_be_impeached/,17,,AskReddit,t5_2qh1i,"If you were president, what would you be impeached for?",https://www.reddit.com/r/AskReddit/comments/dg20uc/if_you_were_president_what_would_you_be_impeached/
hodlx,t2_xass5n8,1570731539,self.AskReddit,https://www.reddit.com/r/AskReddit/comments/dg23hm/the_2010s_decade_will_be_over_in_3_months_what_do/,dg23hm,64,/r/AskReddit/comments/dg23hm/the_2010s_decade_will_be_over_in_3_months_what_do/,17,,AskReddit,t5_2qh1i,The 2010's decade will be over in 3 months. What do you think people will remember this decade for?,https://www.reddit.com/r/AskReddit/comments/dg23hm/the_2010s_decade_will_be_over_in_3_months_what_do/
DarkDragonMC_,t2_15g1ay,1570732622,self.AskReddit,https://www.reddit.com/r/AskReddit/comments/dg2cq3/in_the_past_last_names_were_based_on_your_trade/,dg2cq3,232,/r/AskReddit/comments/dg2cq3/in_the_past_last_names_were_based_on_your_trade/,193,,AskReddit,t5_2qh1i,"In the past last names were based on your trade (Smith, Fletcher, Baker, Archer and Taylor to name a couple) If we did this today, then what would be some interesting last names?",https://www.reddit.com/r/AskReddit/comments/dg2cq3/in_the_past_last_names_were_based_on_your_trade/
jgaarnell,t2_t6q8f7p,1570732957,self.AskReddit,https://www.reddit.com/r/AskReddit/comments/dg2fmu/if_you_were_to_be_killed_tomorrow_who_should_be/,dg2fmu,163,/r/AskReddit/comments/dg2fmu/if_you_were_to_be_killed_tomorrow_who_should_be/,75,,AskReddit,t5_2qh1i,"If you were to be killed tomorrow, who should be the number 1 suspect?",https://www.reddit.com/r/AskReddit/comments/dg2fmu/if_you_were_to_be_killed_tomorrow_who_should_be/
DeusVult0793,t2_2dw8nwo1,1570733965,self.AskReddit,https://www.reddit.com/r/AskReddit/comments/dg2ou3/whats_your_favorite_type_of_cheese/,dg2ou3,117,/r/AskReddit/comments/dg2ou3/whats_your_favorite_type_of_cheese/,21,,AskReddit,t5_2qh1i,What’s your favorite type of cheese?,https://www.reddit.com/r/AskReddit/comments/dg2ou3/whats_your_favorite_type_of_cheese/
Sprezzaturer,t2_gqny9,1570734307,self.AskReddit,https://www.reddit.com/r/AskReddit/comments/dg2s3z/redditors_of_reddit_who_say_redditors_of_reddit/,dg2s3z,88,/r/AskReddit/comments/dg2s3z/redditors_of_reddit_who_say_redditors_of_reddit/,108,,AskReddit,t5_2qh1i,"Redditors of Reddit who say, “Redditors of Reddit,” who do you think uses Reddit besides Redditors?",https://www.reddit.com/r/AskReddit/comments/dg2s3z/redditors_of_reddit_who_say_redditors_of_reddit/
Slim666pickens,t2_h6uw6,1570734605,self.AskReddit,https://www.reddit.com/r/AskReddit/comments/dg2v5k/what_discontinued_food_would_you_want_to_be/,dg2v5k,211,/r/AskReddit/comments/dg2v5k/what_discontinued_food_would_you_want_to_be/,28,,AskReddit,t5_2qh1i,What discontinued food would you want to be produced again?,https://www.reddit.com/r/AskReddit/comments/dg2v5k/what_discontinued_food_would_you_want_to_be/
alekdmcfly,t2_2n2a63l7,1570734723,self.AskReddit,https://www.reddit.com/r/AskReddit/comments/dg2w64/you_wake_up_in_a_big_room_full_of_your_alternate/,dg2w64,2791,/r/AskReddit/comments/dg2w64/you_wake_up_in_a_big_room_full_of_your_alternate/,6148,,AskReddit,t5_2qh1i,"You wake up in a big room full of your alternate selves. There's one that went to a different high school than you, one that decided to choose a different job, one that lost a leg in an accident, and so on, and so on. Which version(s) of you would you like to meet first and why?",https://www.reddit.com/r/AskReddit/comments/dg2w64/you_wake_up_in_a_big_room_full_of_your_alternate/
GiGi_IggY,t2_3zht5jvf,1570735459,self.AskReddit,https://www.reddit.com/r/AskReddit/comments/dg3312/seriousdoctors_of_reddit_what_are_some_common/,dg3312,41,/r/AskReddit/comments/dg3312/seriousdoctors_of_reddit_what_are_some_common/,43,,AskReddit,t5_2qh1i,"[Serious]Doctors of reddit, what are some common simptoms that we brush off thinking its common but in reality its very bad?",https://www.reddit.com/r/AskReddit/comments/dg3312/seriousdoctors_of_reddit_what_are_some_common/
hirorororororo,t2_3b33a178,1570736117,self.AskReddit,https://www.reddit.com/r/AskReddit/comments/dg393c/today_is_mental_health_day_how_is_your_current/,dg393c,120,/r/AskReddit/comments/dg393c/today_is_mental_health_day_how_is_your_current/,33,,AskReddit,t5_2qh1i,Today is Mental Health Day. How is your current mental health?,https://www.reddit.com/r/AskReddit/comments/dg393c/today_is_mental_health_day_how_is_your_current/
tusk____,t2_489bpeya,1570736770,self.AskReddit,https://www.reddit.com/r/AskReddit/comments/dg3ez0/what_are_your_favourite_opening_lyrics_to_a_song/,dg3ez0,239,/r/AskReddit/comments/dg3ez0/what_are_your_favourite_opening_lyrics_to_a_song/,41,,AskReddit,t5_2qh1i,What are your favourite opening lyrics to a song?,https://www.reddit.com/r/AskReddit/comments/dg3ez0/what_are_your_favourite_opening_lyrics_to_a_song/
angel-of-death_,t2_4i023zja,1570737798,self.AskReddit,https://www.reddit.com/r/AskReddit/comments/dg3o5l/what_is_a_skilltalent_that_you_have_that/,dg3o5l,30,/r/AskReddit/comments/dg3o5l/what_is_a_skilltalent_that_you_have_that/,29,,AskReddit,t5_2qh1i,"What is a skill/talent that you have that everybody thinks is useless, but you know will help you later in life?",https://www.reddit.com/r/AskReddit/comments/dg3o5l/what_is_a_skilltalent_that_you_have_that/
bioboy1960,t2_42odrizf,1570738378,self.AskReddit,https://www.reddit.com/r/AskReddit/comments/dg3t4r/what_are_going_to_be_your_final_words/,dg3t4r,1005,/r/AskReddit/comments/dg3t4r/what_are_going_to_be_your_final_words/,438,,AskReddit,t5_2qh1i,What are going to be your final words?,https://www.reddit.com/r/AskReddit/comments/dg3t4r/what_are_going_to_be_your_final_words/
itsrockysingh,t2_orl8jrb,1570739195,self.AskReddit,https://www.reddit.com/r/AskReddit/comments/dg3zut/people_from_the_80s_what_was_considered_really/,dg3zut,28,/r/AskReddit/comments/dg3zut/people_from_the_80s_what_was_considered_really/,16,,AskReddit,t5_2qh1i,"People from the 80s, what was considered REALLY bad music back then?",https://www.reddit.com/r/AskReddit/comments/dg3zut/people_from_the_80s_what_was_considered_really/
lagringa17410,t2_30pw0nek,1570740391,self.AskReddit,https://www.reddit.com/r/AskReddit/comments/dg4a1x/how_do_otters_get_paid_for_the_otterbox_phone/,dg4a1x,64,/r/AskReddit/comments/dg4a1x/how_do_otters_get_paid_for_the_otterbox_phone/,90,,AskReddit,t5_2qh1i,How do otters get paid for the otterbox phone cases they make?,https://www.reddit.com/r/AskReddit/comments/dg4a1x/how_do_otters_get_paid_for_the_otterbox_phone/
chihuahua-mama,t2_3vf678kn,1570740620,self.AskReddit,https://www.reddit.com/r/AskReddit/comments/dg4bxg/shortstatured_men_of_reddit_any_advice_for/,dg4bxg,95,/r/AskReddit/comments/dg4bxg/shortstatured_men_of_reddit_any_advice_for/,59,,AskReddit,t5_2qh1i,Short-statured men of Reddit: any advice for raising a boy who is small for his age and who will probably be on the short side as an adult? What do you wish your parents had done for or said to you to help you feel confident? [serious],https://www.reddit.com/r/AskReddit/comments/dg4bxg/shortstatured_men_of_reddit_any_advice_for/
syuyrw,t2_1tyuhwmt,1570741492,self.AskReddit,https://www.reddit.com/r/AskReddit/comments/dg4j99/you_just_woke_up_as_president_of_the_united/,dg4j99,736,/r/AskReddit/comments/dg4j99/you_just_woke_up_as_president_of_the_united/,297,,AskReddit,t5_2qh1i,You just woke up as president of the United States. You only have the skills and knowledge you have now. What’s your first move?,https://www.reddit.com/r/AskReddit/comments/dg4j99/you_just_woke_up_as_president_of_the_united/
tinkblazed,t2_dcer9f7,1570741521,self.AskReddit,https://www.reddit.com/r/AskReddit/comments/dg4jhj/what_song_lifts_you_up_and_keeps_you_going_during/,dg4jhj,85,/r/AskReddit/comments/dg4jhj/what_song_lifts_you_up_and_keeps_you_going_during/,21,,AskReddit,t5_2qh1i,What song lifts you up and keeps you going during your dark days?,https://www.reddit.com/r/AskReddit/comments/dg4jhj/what_song_lifts_you_up_and_keeps_you_going_during/
BeingHorne,t2_10vb3tdm,1570742063,self.AskReddit,https://www.reddit.com/r/AskReddit/comments/dg4nwq/women_of_reddit_what_are_some_innocuous_non/,dg4nwq,95,/r/AskReddit/comments/dg4nwq/women_of_reddit_what_are_some_innocuous_non/,16,,AskReddit,t5_2qh1i,"Women of Reddit. What are some innocuous, non sexual, non obvious things men do that make you instantly attracted to them?",https://www.reddit.com/r/AskReddit/comments/dg4nwq/women_of_reddit_what_are_some_innocuous_non/
BouwmansLuke,t2_3bz8c45n,1570742315,self.AskReddit,https://www.reddit.com/r/AskReddit/comments/dg4pwl/managers_of_reddit_why_did_karen_want_to_talk_to/,dg4pwl,95,/r/AskReddit/comments/dg4pwl/managers_of_reddit_why_did_karen_want_to_talk_to/,100,,AskReddit,t5_2qh1i,"Managers of Reddit, Why did Karen want to talk to you?",https://www.reddit.com/r/AskReddit/comments/dg4pwl/managers_of_reddit_why_did_karen_want_to_talk_to/
hol42,t2_2tsm2cv,1570742465,self.AskReddit,https://www.reddit.com/r/AskReddit/comments/dg4r6k/why_is_the_freehongkong_movement_getting_almost/,dg4r6k,40,/r/AskReddit/comments/dg4r6k/why_is_the_freehongkong_movement_getting_almost/,96,,AskReddit,t5_2qh1i,Why is the FreeHongKong movement getting almost no mainstream press coverage but is all over the place at reddit?,https://www.reddit.com/r/AskReddit/comments/dg4r6k/why_is_the_freehongkong_movement_getting_almost/
Your_MotherInLaw23,t2_r2ryv,1570742839,self.AskReddit,https://www.reddit.com/r/AskReddit/comments/dg4u9t/whats_the_best_comeback_youve_ever_heard/,dg4u9t,28,/r/AskReddit/comments/dg4u9t/whats_the_best_comeback_youve_ever_heard/,17,,AskReddit,t5_2qh1i,What's the best comeback you've ever heard?,https://www.reddit.com/r/AskReddit/comments/dg4u9t/whats_the_best_comeback_youve_ever_heard/
Ethan8246,t2_rhna8,1570742860,self.AskReddit,https://www.reddit.com/r/AskReddit/comments/dg4uhz/when_does_time_pass_the_slowest/,dg4uhz,77,/r/AskReddit/comments/dg4uhz/when_does_time_pass_the_slowest/,26,,AskReddit,t5_2qh1i,When does time pass the slowest?,https://www.reddit.com/r/AskReddit/comments/dg4uhz/when_does_time_pass_the_slowest/
longestneckgiraffe,t2_4gq88m13,1570743237,self.AskReddit,https://www.reddit.com/r/AskReddit/comments/dg4xlm/the_technical_term_for_getting_sucked_through_a/,dg4xlm,121,/r/AskReddit/comments/dg4xlm/the_technical_term_for_getting_sucked_through_a/,198,,AskReddit,t5_2qh1i,The technical term for getting sucked through a black hole is spaghettification. What are some other technical terms that the makers probably laughed at while making?,https://www.reddit.com/r/AskReddit/comments/dg4xlm/the_technical_term_for_getting_sucked_through_a/
50ShadesOfDick,t2_la6iw,1570743601,self.AskReddit,https://www.reddit.com/r/AskReddit/comments/dg50nm/if_you_were_a_toy_with_a_pullstring_what_would/,dg50nm,153,/r/AskReddit/comments/dg50nm/if_you_were_a_toy_with_a_pullstring_what_would/,55,,AskReddit,t5_2qh1i,"If you were a toy with a pullstring, what would you say?",https://www.reddit.com/r/AskReddit/comments/dg50nm/if_you_were_a_toy_with_a_pullstring_what_would/
ihavefewq,t2_4esxmgjy,1570744761,self.AskReddit,https://www.reddit.com/r/AskReddit/comments/dg59v2/people_who_have_proposed_threesome_to_their/,dg59v2,225,/r/AskReddit/comments/dg59v2/people_who_have_proposed_threesome_to_their/,111,,AskReddit,t5_2qh1i,"People who have proposed threesome to their SO,what was the outcome?",https://www.reddit.com/r/AskReddit/comments/dg59v2/people_who_have_proposed_threesome_to_their/
Fazzle04,t2_o5hblta,1570745761,self.AskReddit,https://www.reddit.com/r/AskReddit/comments/dg5hlf/females_of_reddit_what_inappropriate_questions/,dg5hlf,700,/r/AskReddit/comments/dg5hlf/females_of_reddit_what_inappropriate_questions/,106,,AskReddit,t5_2qh1i,"Females of reddit, what inappropriate questions have you always wanted to know about men?",https://www.reddit.com/r/AskReddit/comments/dg5hlf/females_of_reddit_what_inappropriate_questions/
que-queso,t2_1k16exg,1570746348,self.AskReddit,https://www.reddit.com/r/AskReddit/comments/dg5m9r/how_serious_would_the_consequences_of_an_embargo/,dg5m9r,21,/r/AskReddit/comments/dg5m9r/how_serious_would_the_consequences_of_an_embargo/,24,,AskReddit,t5_2qh1i,How serious would the consequences of an Embargo of China be? Chinese influence over US companies is getting to the point where it's effecting free speech. Wouldn't it be better long term for the US to detach itself economically from China and re-think a more strategic approach to trade in China?,https://www.reddit.com/r/AskReddit/comments/dg5m9r/how_serious_would_the_consequences_of_an_embargo/
FaxTimeMachine,t2_v586s7r,1570747001,self.AskReddit,https://www.reddit.com/r/AskReddit/comments/dg5ri2/if_you_could_rename_the_big_mac_what_would_you/,dg5ri2,324,/r/AskReddit/comments/dg5ri2/if_you_could_rename_the_big_mac_what_would_you/,118,,AskReddit,t5_2qh1i,If you could rename the “Big Mac” what would you call it?,https://www.reddit.com/r/AskReddit/comments/dg5ri2/if_you_could_rename_the_big_mac_what_would_you/
Arukune,t2_1mzc1rof,1570747522,self.AskReddit,https://www.reddit.com/r/AskReddit/comments/dg5vm5/ex_military_members_of_reddit_what_was_your/,dg5vm5,36,/r/AskReddit/comments/dg5vm5/ex_military_members_of_reddit_what_was_your/,21,,AskReddit,t5_2qh1i,"Ex military members of Reddit, what was your nickname during your service? How did you get it?",https://www.reddit.com/r/AskReddit/comments/dg5vm5/ex_military_members_of_reddit_what_was_your/
Football_Inc,t2_26etb96x,1570748037,self.AskReddit,https://www.reddit.com/r/AskReddit/comments/dg5zmr/people_of_reddit_what_is_a_free_service_online_or/,dg5zmr,29,/r/AskReddit/comments/dg5zmr/people_of_reddit_what_is_a_free_service_online_or/,43,,AskReddit,t5_2qh1i,"People of Reddit, what is a free service (online or IRL) that is helpful that many people don't know about?",https://www.reddit.com/r/AskReddit/comments/dg5zmr/people_of_reddit_what_is_a_free_service_online_or/
Mr_Nobadi_M_Portent,t2_3v46ci4b,1570749071,self.AskReddit,https://www.reddit.com/r/AskReddit/comments/dg67pw/if_tomorrow_humans_were_suddenly_10x_as/,dg67pw,28,/r/AskReddit/comments/dg67pw/if_tomorrow_humans_were_suddenly_10x_as/,20,,AskReddit,t5_2qh1i,"If tomorrow, humans were suddenly 10x as physically strong as they are today (with no change in appearance), what would be some good/bad/funny consequences?",https://www.reddit.com/r/AskReddit/comments/dg67pw/if_tomorrow_humans_were_suddenly_10x_as/
Swaamnet,t2_1we1dug6,1570749228,self.AskReddit,https://www.reddit.com/r/AskReddit/comments/dg68vj/people_with_high_self_esteem_how_do_you_achieve/,dg68vj,53,/r/AskReddit/comments/dg68vj/people_with_high_self_esteem_how_do_you_achieve/,55,,AskReddit,t5_2qh1i,"People with high self esteem, how do you achieve this?",https://www.reddit.com/r/AskReddit/comments/dg68vj/people_with_high_self_esteem_how_do_you_achieve/
apad1333,t2_20647lwv,1570749645,self.AskReddit,https://www.reddit.com/r/AskReddit/comments/dg6c3n/you_are_on_trial_for_a_crime_you_didnt_commit_the/,dg6c3n,53,/r/AskReddit/comments/dg6c3n/you_are_on_trial_for_a_crime_you_didnt_commit_the/,20,,AskReddit,t5_2qh1i,"You are on trial for a crime you didn't commit. The last person that talked to,called or texted you is your attorney. How does your trial go?",https://www.reddit.com/r/AskReddit/comments/dg6c3n/you_are_on_trial_for_a_crime_you_didnt_commit_the/
killen99,t2_2vwbhlo2,1570749825,self.AskReddit,https://www.reddit.com/r/AskReddit/comments/dg6dfs/friends_of_famous_actors_how_do_you_know_them_and/,dg6dfs,30,/r/AskReddit/comments/dg6dfs/friends_of_famous_actors_how_do_you_know_them_and/,27,,AskReddit,t5_2qh1i,"Friends of famous actors, how do you know them and what are they like in person?",https://www.reddit.com/r/AskReddit/comments/dg6dfs/friends_of_famous_actors_how_do_you_know_them_and/
EcstaticEscape,t2_37p9pkw9,1570750086,self.AskReddit,https://www.reddit.com/r/AskReddit/comments/dg6fdd/women_how_often_do_you_feel_sexual_attraction_to/,dg6fdd,33,/r/AskReddit/comments/dg6fdd/women_how_often_do_you_feel_sexual_attraction_to/,18,,AskReddit,t5_2qh1i,"Women, how often do you feel sexual attraction to people you don’t know that well or at all?",https://www.reddit.com/r/AskReddit/comments/dg6fdd/women_how_often_do_you_feel_sexual_attraction_to/
htf654,t2_336ly6ow,1570750458,self.AskReddit,https://www.reddit.com/r/AskReddit/comments/dg6i6z/mcdonalds_has_the_happy_meal_if_they_wanted_to/,dg6i6z,78,/r/AskReddit/comments/dg6i6z/mcdonalds_has_the_happy_meal_if_they_wanted_to/,22,,AskReddit,t5_2qh1i,"McDonald's has the happy meal, if they wanted to make a sad meal what would be in it? What's the toy?",https://www.reddit.com/r/AskReddit/comments/dg6i6z/mcdonalds_has_the_happy_meal_if_they_wanted_to/
Im_not_human1,t2_3m9khu6l,1570750613,self.AskReddit,https://www.reddit.com/r/AskReddit/comments/dg6jcg/what_is_an_unwritten_rule_that_all_guys_follow/,dg6jcg,5928,/r/AskReddit/comments/dg6jcg/what_is_an_unwritten_rule_that_all_guys_follow/,8062,,AskReddit,t5_2qh1i,What is an unwritten rule that all guys follow?,https://www.reddit.com/r/AskReddit/comments/dg6jcg/what_is_an_unwritten_rule_that_all_guys_follow/
ILTwisted,t2_4dc9kfbr,1570750834,self.AskReddit,https://www.reddit.com/r/AskReddit/comments/dg6l2h/gamers_of_reddit_what_games_do_you_consider_an/,dg6l2h,223,/r/AskReddit/comments/dg6l2h/gamers_of_reddit_what_games_do_you_consider_an/,49,,AskReddit,t5_2qh1i,"Gamers of Reddit, what games do you consider an absolute must play?",https://www.reddit.com/r/AskReddit/comments/dg6l2h/gamers_of_reddit_what_games_do_you_consider_an/
OneSixEightEight,t2_5fmm1wa,1570752358,self.AskReddit,https://www.reddit.com/r/AskReddit/comments/dg6we8/why_did_you_break_up_with_your_ex/,dg6we8,77,/r/AskReddit/comments/dg6we8/why_did_you_break_up_with_your_ex/,21,,AskReddit,t5_2qh1i,Why did you break up with your ex?,https://www.reddit.com/r/AskReddit/comments/dg6we8/why_did_you_break_up_with_your_ex/
pinkfloyds,t2_hvj9p,1570753587,self.AskReddit,https://www.reddit.com/r/AskReddit/comments/dg75z9/people_with_a_lazy_eye_can_you_tell_when_someone/,dg75z9,55,/r/AskReddit/comments/dg75z9/people_with_a_lazy_eye_can_you_tell_when_someone/,106,,AskReddit,t5_2qh1i,People with a lazy eye: can you tell when someone is trying to figure out which eye to look at when they talk to you? How can we make this less uncomfortable for you?,https://www.reddit.com/r/AskReddit/comments/dg75z9/people_with_a_lazy_eye_can_you_tell_when_someone/
JunkWift,t2_4qy54b0q,1570753678,self.AskReddit,https://www.reddit.com/r/AskReddit/comments/dg76ln/men_of_reddit_what_do_you_put_in_the_pocket_on/,dg76ln,53,/r/AskReddit/comments/dg76ln/men_of_reddit_what_do_you_put_in_the_pocket_on/,17,,AskReddit,t5_2qh1i,"Men of Reddit, what do you put in the pocket on your shirt?",https://www.reddit.com/r/AskReddit/comments/dg76ln/men_of_reddit_what_do_you_put_in_the_pocket_on/
BadPanda666,t2_157fwo,1570753790,self.AskReddit,https://www.reddit.com/r/AskReddit/comments/dg77d8/which_movie_could_you_watch_over_and_over_and/,dg77d8,128,/r/AskReddit/comments/dg77d8/which_movie_could_you_watch_over_and_over_and/,23,,AskReddit,t5_2qh1i,Which movie could you watch over and over and never get tired by it?,https://www.reddit.com/r/AskReddit/comments/dg77d8/which_movie_could_you_watch_over_and_over_and/
haibai9182,t2_3sq2ezf2,1570754029,self.AskReddit,https://www.reddit.com/r/AskReddit/comments/dg799p/your_username_tells_you_how_you_die_how_do_you_die/,dg799p,205,/r/AskReddit/comments/dg799p/your_username_tells_you_how_you_die_how_do_you_die/,36,[removed],AskReddit,t5_2qh1i,Your username tells you how you die. How do you die?,https://www.reddit.com/r/AskReddit/comments/dg799p/your_username_tells_you_how_you_die_how_do_you_die/
gaylittleshit,t2_1w57dg1u,1570754959,self.AskReddit,https://www.reddit.com/r/AskReddit/comments/dg7g50/people_of_reddit_if_you_could_restart_your_life/,dg7g50,173,/r/AskReddit/comments/dg7g50/people_of_reddit_if_you_could_restart_your_life/,128,,AskReddit,t5_2qh1i,"People of Reddit, if you could restart your life, and retain all of your memories from this one, would you? Why or why not?",https://www.reddit.com/r/AskReddit/comments/dg7g50/people_of_reddit_if_you_could_restart_your_life/
TizzleDizzle81,t2_14ib6fp,1570756027,self.AskReddit,https://www.reddit.com/r/AskReddit/comments/dg7o3f/people_who_found_out_shocking_family_secrets_care/,dg7o3f,50,/r/AskReddit/comments/dg7o3f/people_who_found_out_shocking_family_secrets_care/,19,,AskReddit,t5_2qh1i,"People who found out shocking family secrets, care to tell us about it?",https://www.reddit.com/r/AskReddit/comments/dg7o3f/people_who_found_out_shocking_family_secrets_care/
Olberic_Eisenberg,t2_z959a5v,1570756072,self.AskReddit,https://www.reddit.com/r/AskReddit/comments/dg7ogk/what_is_your_opinion_on_white_chocolate/,dg7ogk,88,/r/AskReddit/comments/dg7ogk/what_is_your_opinion_on_white_chocolate/,23,,AskReddit,t5_2qh1i,What is your opinion on White Chocolate?,https://www.reddit.com/r/AskReddit/comments/dg7ogk/what_is_your_opinion_on_white_chocolate/
LittleFuzzyThings,t2_nopf5r5,1570756222,self.AskReddit,https://www.reddit.com/r/AskReddit/comments/dg7pji/people_who_separateddivorced_within_one_year_of/,dg7pji,17351,/r/AskReddit/comments/dg7pji/people_who_separateddivorced_within_one_year_of/,64569,,AskReddit,t5_2qh1i,People who separated/divorced within one year of getting married: When did you know it was a mistake?,https://www.reddit.com/r/AskReddit/comments/dg7pji/people_who_separateddivorced_within_one_year_of/
nehajlas,t2_3curxkwk,1570756274,self.AskReddit,https://www.reddit.com/r/AskReddit/comments/dg7pwb/what_is_currently_stopping_you_from_doing_what/,dg7pwb,435,/r/AskReddit/comments/dg7pwb/what_is_currently_stopping_you_from_doing_what/,22,,AskReddit,t5_2qh1i,What is currently stopping you from doing what you want?,https://www.reddit.com/r/AskReddit/comments/dg7pwb/what_is_currently_stopping_you_from_doing_what/
SomeNerdWithNoLikes,t2_1wtevyw2,1570756290,self.AskReddit,https://www.reddit.com/r/AskReddit/comments/dg7q04/your_last_search_is_how_you_die/,dg7q04,124,/r/AskReddit/comments/dg7q04/your_last_search_is_how_you_die/,24,,AskReddit,t5_2qh1i,Your last search is how you die. ?,https://www.reddit.com/r/AskReddit/comments/dg7q04/your_last_search_is_how_you_die/
BinkBonkers,t2_3x22qsp8,1570756537,self.AskReddit,https://www.reddit.com/r/AskReddit/comments/dg7rsa/whats_a_song_to_blast_in_a_car_to_annoy_people/,dg7rsa,72,/r/AskReddit/comments/dg7rsa/whats_a_song_to_blast_in_a_car_to_annoy_people/,20,,AskReddit,t5_2qh1i,What’s a song to blast in a car to annoy people around you?,https://www.reddit.com/r/AskReddit/comments/dg7rsa/whats_a_song_to_blast_in_a_car_to_annoy_people/
Tranceford,t2_mjw2w,1570756676,self.AskReddit,https://www.reddit.com/r/AskReddit/comments/dg7su8/whats_the_most_dangerous_thing_in_the_room_or/,dg7su8,73,/r/AskReddit/comments/dg7su8/whats_the_most_dangerous_thing_in_the_room_or/,19,,AskReddit,t5_2qh1i,What's the most dangerous thing in the room or space you are currently in?,https://www.reddit.com/r/AskReddit/comments/dg7su8/whats_the_most_dangerous_thing_in_the_room_or/
FrustratingPositives,t2_3prp698d,1570756679,self.AskReddit,https://www.reddit.com/r/AskReddit/comments/dg7sv0/what_was_your_most_nsfw_moment_at_school/,dg7sv0,161,/r/AskReddit/comments/dg7sv0/what_was_your_most_nsfw_moment_at_school/,54,,AskReddit,t5_2qh1i,What was your most NSFW moment at school?,https://www.reddit.com/r/AskReddit/comments/dg7sv0/what_was_your_most_nsfw_moment_at_school/
ravenousmind,t2_1k7phi02,1570756733,self.AskReddit,https://www.reddit.com/r/AskReddit/comments/dg7ta5/what_surprised_you_the_most_about_sex_the_first/,dg7ta5,91,/r/AskReddit/comments/dg7ta5/what_surprised_you_the_most_about_sex_the_first/,45,,AskReddit,t5_2qh1i,What surprised you the most about sex the first time you had sex with someone other than your first partner? [NSFW],https://www.reddit.com/r/AskReddit/comments/dg7ta5/what_surprised_you_the_most_about_sex_the_first/
creativequench,t2_2byntibp,1570757269,self.AskReddit,https://www.reddit.com/r/AskReddit/comments/dg7x6m/is_it_normal_to_say_thank_you_or_give_out_a_smile/,dg7x6m,85,/r/AskReddit/comments/dg7x6m/is_it_normal_to_say_thank_you_or_give_out_a_smile/,21,,AskReddit,t5_2qh1i,"Is it normal to say ""Thank you"" or give out a smile when someone holds the door open for you when you're walking out?",https://www.reddit.com/r/AskReddit/comments/dg7x6m/is_it_normal_to_say_thank_you_or_give_out_a_smile/
sherlo11,t2_m3ieu02,1570758534,self.AskReddit,https://www.reddit.com/r/AskReddit/comments/dg86gr/where_are_the_kids_voted_most_succesful_from_your/,dg86gr,84,/r/AskReddit/comments/dg86gr/where_are_the_kids_voted_most_succesful_from_your/,74,,AskReddit,t5_2qh1i,"Where are the kids voted ""most succesful"" from your High School now?",https://www.reddit.com/r/AskReddit/comments/dg86gr/where_are_the_kids_voted_most_succesful_from_your/
peachyea,t2_1zblyiy8,1570759022,self.AskReddit,https://www.reddit.com/r/AskReddit/comments/dg89zz/blind_people_of_reddit_who_have_taken_lsd_what/,dg89zz,64,/r/AskReddit/comments/dg89zz/blind_people_of_reddit_who_have_taken_lsd_what/,40,,AskReddit,t5_2qh1i,"Blind people of reddit who have taken LSD, what was it like?",https://www.reddit.com/r/AskReddit/comments/dg89zz/blind_people_of_reddit_who_have_taken_lsd_what/
Copper_Clouds,t2_3yb8x22r,1570760145,self.AskReddit,https://www.reddit.com/r/AskReddit/comments/dg8i6w/people_who_install_ultra_bright_led_headlights_do/,dg8i6w,35,/r/AskReddit/comments/dg8i6w/people_who_install_ultra_bright_led_headlights_do/,115,,AskReddit,t5_2qh1i,"People who install ultra bright LED headlights, do you know you are an asshole?",https://www.reddit.com/r/AskReddit/comments/dg8i6w/people_who_install_ultra_bright_led_headlights_do/
738algorithmSing,t2_4f69shc2,1570760597,self.AskReddit,https://www.reddit.com/r/AskReddit/comments/dg8lgz/whats_the_biggest_plot_hole_youve_seen_in_a_movie/,dg8lgz,4995,/r/AskReddit/comments/dg8lgz/whats_the_biggest_plot_hole_youve_seen_in_a_movie/,2566,,AskReddit,t5_2qh1i,What’s the biggest plot hole you’ve seen in a movie?,https://www.reddit.com/r/AskReddit/comments/dg8lgz/whats_the_biggest_plot_hole_youve_seen_in_a_movie/
japanphonehand,t2_3ud33v9n,1570761522,self.AskReddit,https://www.reddit.com/r/AskReddit/comments/dg8s3p/whats_something_thats_common_now_that_wont_be_in/,dg8s3p,66,/r/AskReddit/comments/dg8s3p/whats_something_thats_common_now_that_wont_be_in/,17,,AskReddit,t5_2qh1i,What's something that's common now that won't be in 10 years?,https://www.reddit.com/r/AskReddit/comments/dg8s3p/whats_something_thats_common_now_that_wont_be_in/
supermilerun,t2_3cupftek,1570761893,self.AskReddit,https://www.reddit.com/r/AskReddit/comments/dg8urm/what_is_a_question_you_wish_people_would_ask_you/,dg8urm,70,/r/AskReddit/comments/dg8urm/what_is_a_question_you_wish_people_would_ask_you/,23,,AskReddit,t5_2qh1i,What is a question you wish people would ask you?,https://www.reddit.com/r/AskReddit/comments/dg8urm/what_is_a_question_you_wish_people_would_ask_you/
templealex,t2_wybkoc9,1570762027,self.AskReddit,https://www.reddit.com/r/AskReddit/comments/dg8voj/whats_the_saddest_song_youve_ever_heard/,dg8voj,317,/r/AskReddit/comments/dg8voj/whats_the_saddest_song_youve_ever_heard/,88,,AskReddit,t5_2qh1i,What's the saddest song you've ever heard?,https://www.reddit.com/r/AskReddit/comments/dg8voj/whats_the_saddest_song_youve_ever_heard/
Drochacho,t2_24ptso23,1570762046,self.AskReddit,https://www.reddit.com/r/AskReddit/comments/dg8vue/what_is_the_most_iconic_movie_from_your_state/,dg8vue,151,/r/AskReddit/comments/dg8vue/what_is_the_most_iconic_movie_from_your_state/,31,,AskReddit,t5_2qh1i,What is the most iconic movie from your state?,https://www.reddit.com/r/AskReddit/comments/dg8vue/what_is_the_most_iconic_movie_from_your_state/
LightningProd12,t2_1vrch7np,1570762448,self.AskReddit,https://www.reddit.com/r/AskReddit/comments/dg8ylw/the_2010s_will_be_over_in_under_3_months_what_do/,dg8ylw,600,/r/AskReddit/comments/dg8ylw/the_2010s_will_be_over_in_under_3_months_what_do/,471,,AskReddit,t5_2qh1i,The 2010's will be over in under 3 months. What do you expect to happen in the next decade?,https://www.reddit.com/r/AskReddit/comments/dg8ylw/the_2010s_will_be_over_in_under_3_months_what_do/
tempal78,t2_5c8wc,1570762642,self.AskReddit,https://www.reddit.com/r/AskReddit/comments/dg8zxe/if_kirby_absorbed_you_what_powers_would_he_get/,dg8zxe,109,/r/AskReddit/comments/dg8zxe/if_kirby_absorbed_you_what_powers_would_he_get/,32,,AskReddit,t5_2qh1i,"If Kirby absorbed you, what powers would he get?",https://www.reddit.com/r/AskReddit/comments/dg8zxe/if_kirby_absorbed_you_what_powers_would_he_get/
daveed4445,t2_10k0z5bh,1570762683,self.AskReddit,https://www.reddit.com/r/AskReddit/comments/dg907c/nsfw_relationship_cheaters_of_reddit_why_did_you/,dg907c,37,/r/AskReddit/comments/dg907c/nsfw_relationship_cheaters_of_reddit_why_did_you/,27,,AskReddit,t5_2qh1i,"[NSFW] Relationship cheaters of reddit, why did you do it?",https://www.reddit.com/r/AskReddit/comments/dg907c/nsfw_relationship_cheaters_of_reddit_why_did_you/
The_Metabear,t2_3ti9at2s,1570763693,self.AskReddit,https://www.reddit.com/r/AskReddit/comments/dg96xw/when_was_the_most_inappropriate_time_you_laughed/,dg96xw,58,/r/AskReddit/comments/dg96xw/when_was_the_most_inappropriate_time_you_laughed/,25,,AskReddit,t5_2qh1i,When was the most inappropriate time you laughed?,https://www.reddit.com/r/AskReddit/comments/dg96xw/when_was_the_most_inappropriate_time_you_laughed/
RAL3O7,t2_1ayp5l2l,1570763790,self.AskReddit,https://www.reddit.com/r/AskReddit/comments/dg97k6/how_can_us_citizens_support_honk_kong/,dg97k6,264,/r/AskReddit/comments/dg97k6/how_can_us_citizens_support_honk_kong/,382,,AskReddit,t5_2qh1i,How can US citizens support Honk Kong?,https://www.reddit.com/r/AskReddit/comments/dg97k6/how_can_us_citizens_support_honk_kong/
swolebodyyy,t2_3jkayhg6,1570763987,self.AskReddit,https://www.reddit.com/r/AskReddit/comments/dg98w4/what_can_just_fuck_off/,dg98w4,131,/r/AskReddit/comments/dg98w4/what_can_just_fuck_off/,26,,AskReddit,t5_2qh1i,What can just fuck off?,https://www.reddit.com/r/AskReddit/comments/dg98w4/what_can_just_fuck_off/
Balmate,t2_3dnl9wjv,1570764384,self.AskReddit,https://www.reddit.com/r/AskReddit/comments/dg9bha/with_halloween_around_the_corner_what_are_you/,dg9bha,49,/r/AskReddit/comments/dg9bha/with_halloween_around_the_corner_what_are_you/,18,,AskReddit,t5_2qh1i,"With Halloween around the corner, what are you planning on dressing up as?",https://www.reddit.com/r/AskReddit/comments/dg9bha/with_halloween_around_the_corner_what_are_you/
PaiPaiii,t2_8ap08q,1570765278,self.AskReddit,https://www.reddit.com/r/AskReddit/comments/dg9hbn/what_is_the_most_interesting_fact_about_yourself/,dg9hbn,92,/r/AskReddit/comments/dg9hbn/what_is_the_most_interesting_fact_about_yourself/,22,,AskReddit,t5_2qh1i,What is the most interesting fact about yourself?,https://www.reddit.com/r/AskReddit/comments/dg9hbn/what_is_the_most_interesting_fact_about_yourself/
